Name,Price,Change_24h,Market_Cap,Timestamp
CoinMarketCap 20 Index DTF,$164.11,2.20%,$792.34K,2026-09-07 14:59:46
Bitcoin,"$79,482.26",1.01%,$23.07B,2026-09-07 14:59:46
Ethereum,"$2,494.92",1.91%,$12.54B,2026-09-07 14:59:47
Tether,$0.9998,0.00%,$61.28B,2026-09-07 14:59:47
BNB,$745.62,8.32%,$1.65B,2026-09-07 14:59:47
XRP,$1.40,2.36%,$2.02B,2026-09-07 14:59:48
USDC,$0.9999,0.01%,$10.2B,2026-09-07 14:59:48
Solana,$104.99,1.78%,$3.66B,2026-09-07 14:59:48
TRON,$0.3366,0.08%,$332.97M,2026-09-07 14:59:48
Hyperliquid,$87.16,7.27%,$1.37B,2026-09-07 14:59:48
