product,asin,review,sentiment
boAt Rockerz 512 ANC,B0FG2PWNRC,"Seby
Review after 2 month use
Reviewed in India on 24 August 2026
Colour: Cosmic Black
Verified Purchase
Absolutely love these headphones! I bought the Rockerz 512 ANC (Colour Black) mainly for the 80-hour battery life and it does not disappoint. I can go weeks without having to plug them in.
The sound quality is great with punchy bass, and the active noise cancellation easily drowns out background noise in the house. When you first put them on, you might feel a little pressure on the ears, but the ear cushions are super high quality and plush. This makes it very easy to adjust them so they stay comfortable during long movie marathons.
Since I use them casually and am not rough with my gadgets, they are holding up perfectly. More importantly, they just feel incredibly premium overall—way better than what you would expect for the price. Highly recommend if you want premium features on a budget!
10 people found this helpful
Helpful
Report",Positive
boAt Rockerz 512 ANC,B0FG2PWNRC,"Hatim
Great choice as pocket friendly, for beginners.
Reviewed in India on 2 September 2026
Colour: Cosmic Black
Verified Purchase
Great fit, can be used as wireless and wired.
Connects and Works seamlessly with the boAt App, can customise the equaliser setting via the app.
ANC is absolutely stunning, has transparent mode as well, with 80H battery backup (received up to 5-7 days backup on moderate use).
Mic - Voice clarity - 5/5.
Minimal latency, never felt so as haven’t played any games.
4 stars as one of the arms came loose within 2 days of purchase, but stays.
4 people found this helpful
Helpful
Report",Positive
boAt Rockerz 512 ANC,B0FG2PWNRC,"Simon Thanlinlung
Awesome headphone!
Reviewed in India on 1 May 2026
Colour: Cosmic Black
Verified Purchase
Go for it blindly at this price range!
I am amazed by the quality of the product. It has been 3 days since i started using it and i shall share what I've got about the product.
1. Bass and sound: The default bass is normal but the moment you use 'boat hearable' app (available in play store) the bass is really awesome. You can adjust bass, treble, mid according to your preference. And the bass is clear and punchy.
2. Build quality: The quality is good and upto the standard. It has steel reinforced frame and is extendable.
3. Buttons: (a) Right side: It has 3.5mm aux port, volume buttons and power button and the placement of the buttons are well positioned for handy operation. (V+) Long press = next song, repeated or short single press = increase volume and vice versa with that of (V-). Power button long press = power on and off. Short single press = pickup or end call. Double press = Beast mode on/off (reject call during incoming call)
Read more
30 people found this helpful
Helpful
Report",Positive
boAt Rockerz 512 ANC,B0FG2PWNRC,"Ashuraj Saini
It's perfect in All aspects. Thanks me later
Reviewed in India on 31 August 2026
Colour: Bold White
Verified Purchase
Its 100% perfect no 0.01% issue.
Dont cause any pain to ears even after 24 hrs of constant use. Sound quality is 100 no damage to ear. Best look. Buy it now. 100% satisfaction with this rockerz 512 anc. 1 month of buy and abhi tk bs 2 bar charge kiya hai. Good battery life.
5 people found this helpful
Helpful
Report",Positive
boAt Rockerz 512 ANC,B0FG2PWNRC,"Parth
Worth It
Reviewed in India on 25 August 2026
Colour: Cosmic Black
Verified Purchase
Build quality could be improved considering the price , ANC works fine , sound quality is also not bad , and battery also lasts for a good amount of time . Overall if you're looking for a good headphone which would be decent in all kind of work then you can go for this and yeah you have to compromise the build quality a bit (not a lot its quality is decent but not the best )
13 people found this helpful
Helpful
Report",Positive
boAt Rockerz 650 Pro,B0DV5J28LW,"Rajesh
Best headphones in this budget
Reviewed in India on 12 September 2026
Colour: Iris Black
Verified Purchase
Worth for the money, the comfort, sound quality. But sometimes connectivity gets some bug otherwise it was good.
One person found this helpful
Helpful
Report",Positive
boAt Rockerz 650 Pro,B0DV5J28LW,"Chandra Kant
Excellent Sound Quality & Massive Battery Life
Reviewed in India on 27 June 2026
Colour: Iris Black
Verified Purchase
The headphones are amazing, especially the battery life. I’ve been using them normally for more than 10 days, and they can provide up to 60 hours of battery backup, even at full volume. I bought them for ₹2,499, which feels like a great deal for the quality.
One thing to note is that these headphones do not have Active Noise Cancellation (ANC). So if the price increases, you might want to check out other options that offer ANC as well.
The sound quality at this price point is excellent and gives a really good listening experience. Everything is working perfectly. The only minor downside is that the touch sensor is available only on the right side of the headphones it doesn’t support touch controls on both sides.
Overall, it’s a great product with good build quality, solid audio performance, and impressive battery life.
9 people found this helpful
Helpful
Report",Positive
boAt Rockerz 650 Pro,B0DV5J28LW,"ravindra Sharma
Good Quality
Reviewed in India on 6 September 2026
Colour: Sage Green
Verified Purchase
Product is quality wise very good and durable. Sound quality is good.
Helpful
Report",Positive
boAt Rockerz 650 Pro,B0DV5J28LW,"I love this product
Sound is good
Reviewed in India on 14 September 2026
Colour: Iris Black
Verified Purchase
Nice product great experience
Helpful
Report",Positive
boAt Rockerz 650 Pro,B0DV5J28LW,"Aarav
Good but could have been much better.
Reviewed in India on 4 July 2026
Colour: Silver Frost
Verified Purchase
1. I'm not a bass lover and the sound signature is very annoying, the bass tuning is bad and it affects the vocals but ig some people would still love it. I'm not one of them and prefer a balanced sound. Thankfully i was able to solve it with the EQ provided in the companion app but the EQ support is very very basic.
2. The dolby audio is just a marketing gimmick and artificially stretchs the sound to make it sound wider and needless to say the tuning sucks and i prefer to keep it off. So don't buy the dolby audio nonsense and while I'm at it, the dolby audio only works with their signature sound so you can only choose between either their Signature Sound+Dolby audio or use your Custom EQ.
3. They are comfortable on the ear and i can wear them for hours without much issues and the sounstage does feel a bit wider than my old ₹1500 headphones but maybe that's just because of my custom FXsound EQ on desktop.
4. The Touch controls are nice, very handy and definitely feels better than using buttons but you will get occasional mistouches.
Read more
22 people found this helpful
Helpful
Report",Positive
pTron Studio Pro,B0H9D2TWK2,"Shubhi
Must buy product
Reviewed in India on 15 September 2026
Colour: Cream
Verified Purchase
Happy with my pTron headphones! The sound quality is clear with good bass and comfortable audio. The headphones are lightweight, stylish, and comfortable to wear for long hours. Battery backup is also good.
Overall, a great product worth buying! . 👍
2 people found this helpful
Helpful
Report",Positive
pTron Studio Pro,B0H9D2TWK2,"Akshay mehta
Really good product
Reviewed in India on 24 September 2026
Colour: Noir
Verified Purchase
I really love the the product before I using earphones of same company and upgraded to headphones , I really appreciate the the brand for bringing such amazing products at affordable price , I really like the design sound quality of the headphones and specially the battery life .
One person found this helpful
Helpful
Report",Positive
pTron Studio Pro,B0H9D2TWK2,"satyendra kumar
Volume
Reviewed in India on 20 September 2026
Colour: Noir
Verified Purchase
Waste of money... product seen good, but voice and base is very slow
One person found this helpful
Helpful
Report",Negative
pTron Studio Pro,B0H9D2TWK2,"Khushbu
Perfect for meetings or music
Reviewed in India on 1 September 2026
Colour: Cream
Verified Purchase
Great product, absolutely worth sound system, mic is good quality with noise cancellation and fits well with the cushioning. Perfect for my meetings and even usual calls, nominally charged for the value and battery runs almost the whole day.
One person found this helpful
Helpful
Report",Positive
pTron Studio Pro,B0H9D2TWK2,"Saroj sharma
Must buy
Reviewed in India on 11 September 2026
Colour: Cream
Verified Purchase
Really happy with these headphones.The sound quality is clear, bass is also good, and they’re very comfortable to wear even for long hours. Definitely worthy for the price.
Helpful
Report",Positive
pTron Studio,B0FQJNJPPV,"Prashant M.
Didn’t Expect This Level of Performance! at this price
Reviewed in India on 19 July 2026
Colour: Jet Black
Verified Purchase
I originally bought these because I needed a budget pair with a 3.5 mm audio jack for my keyboard. I already own a Dolby Atmos headphone, so I kept my expectations realistic, especially at around the ₹500 price point.
But these headphones completely blew my mind. I never expected such impressive sound quality from a budget headset. The 40 mm drivers deliver a well-balanced audio experience with powerful bass, clear mids, and crisp highs. I tested them with over 20 of my favorite songs, and they sounded surprisingly rich and enjoyable.
If you’re looking for an affordable pair of over-ear headphones with excellent sound quality, a 3.5 mm jack, Bluetooth, and long battery life, this is an outstanding value for money. Highly recommended!
12 people found this helpful
Helpful
Report",Positive
pTron Studio,B0FQJNJPPV,"Priyanshu Raj
Very nice product
Reviewed in India on 22 September 2026
Colour: Blue
Verified Purchase
Nice product and affordable price
Justify it's price.
Helpful
Report",Positive
pTron Studio,B0FQJNJPPV,"Aruna swain
Great deal
Reviewed in India on 20 August 2026
Colour: Blue
Verified Purchase
Great product, sound quality is also very good and I am fully satisfied ☺️
Helpful
Report",Positive
pTron Studio,B0FQJNJPPV,"ANSHAD
Poor Quality & Unable to Access Warranty Claim
Reviewed in India on 29 August 2026
Colour: Jet Black
Verified Purchase
Very disappointed with the quality and reliability of these headphones. The left side has stopped functioning properly, resulting in no or very poor sound output.
There is also an unusual issue with the right side. Whenever I move my head or the headphone, I can hear a sound as if something inside is loose or displaced. This is distracting and makes me concerned about the internal build quality.
What makes the experience even worse is that I am unable to access or initiate the warranty claim for the product, despite it being within the warranty period. I expected a reliable product along with proper after-sales and warranty support.
Overall, very disappointing experience. Poor durability and difficult warranty support. I would not recommend this product.
4 people found this helpful
Helpful
Report",Negative
pTron Studio,B0FQJNJPPV,"Sanghanshu patil
Good Headphones, But Folding Design Needs Improvement
Reviewed in India on 10 September 2026
Colour: Beige
Verified Purchase
The headphones are decent and sound quality is good, but the folding mechanism could be much better. The folding style doesn’t feel convenient or well-designed. Overall, it’s an okay product for the price
3 people found this helpful
Helpful
Report",Positive
boAt Nirvana 751 ANC,B09MTQ23X4,"Udipta sahu
Boat 751ANC vs JBL 760NC
Reviewed in India on 25 December 2023
Verified Purchase
I firstly ordered a JBL 760anc thinking that JBL is a very renowned brand.however it was my first purchase from JBL . It had too many issues like low bass and anc mode was horrible. When you go above 80percent volume in JBL the music got distorted. Overall JBL 760nc is a disaster.
Many of you are confused either to buy JBL 760nc/770nc or boat 751 anc .I just want to inform you that the boat 751 anc is the bestest headphone under 5000 I bet you won't get any other headphone under this price range who can beat this beast.
Read more
146 people found this helpful
Helpful
Report",Positive
boAt Nirvana 751 ANC,B09MTQ23X4,"Mohit Jain
Blessing in disguise, ordered blue but recieved in black..
Reviewed in India on 8 December 2022
Colour: Bold Blue
Verified Purchase
Don't order the blue color of these headphones, it's nothing as compared to the black color.
: ANC Mode - Not great yet average, you will definitely feel a sensation when turning over to the ANC Mode. Even people talking normally is slightly audible.
: Ambient Mode - As far as I have experienced, it increases the volume of the surrounding noise, Not bad but not great either.
: Build quality - Superb and Very sturdy.
: All in all these are nice, low budget, ANC headphones. Nothing like Sony or Bose but much much better than other headphones in the 3000-4000 rupees segment.
: Battery - No complaints at all. Easily gives a backup of more than 60 hours. Give it a charge for 10 minutes and you won't need to charge it again for a couple of days. (Takes it to 60% charge in 10 minutes)
Edit : ANC Mode is not working properly, a static noise dominates the what you're hearing, becomes impossible to use ANC after this.
Read more
108 people found this helpful
Helpful
Report",Positive
boAt Nirvana 751 ANC,B09MTQ23X4,"Shivam sah
These headphones are great value for money.
Reviewed in India on 4 September 2026
Colour: Sterling Silver
Verified Purchase
The quality of headphones are very nice and look of the headphones are awesome
One person found this helpful
Helpful
Report",Positive
boAt Nirvana 751 ANC,B09MTQ23X4,"JAGADEESH
I would strictly not recommend buying this product.
Reviewed in India on 20 August 2026
Colour: Bold Blue
Verified Purchase
The sound quality is extremely poor and disappointing. The audio lacks clarity, has weak output, and does not provide a satisfactory listening experience. The product fails to meet basic expectations for sound performance. I would strictly not recommend buying this product.
4 people found this helpful
Helpful
Report",Negative
boAt Nirvana 751 ANC,B09MTQ23X4,"Krishna Patel
Noise cancelling and quality
Reviewed in India on 3 July 2026
Colour: Sterling Silver
Verified Purchase
Good sound quality. Worth it
Helpful
Report",Positive
